{
  "results": {
    "Linear Regression": {
      "R2_mean": 0.02494314360696066,
      "R2_std": 0.1933233355784412,
      "RMSE": 0.14350397937938164,
      "MAE": 0.12198315266423183,
      "category": "linear",
      "use_std": true
    },
    "Ridge": {
      "R2_mean": 0.05216781387826157,
      "R2_std": 0.199642365042763,
      "RMSE": 0.1413279769989072,
      "MAE": 0.11986588780714949,
      "category": "linear",
      "use_std": true
    },
    "Lasso": {
      "R2_mean": 0.064225260415363,
      "R2_std": 0.18740500828310386,
      "RMSE": 0.14049732070771423,
      "MAE": 0.11919965045325168,
      "category": "linear",
      "use_std": true
    },
    "ElasticNet": {
      "R2_mean": 0.054556854406727064,
      "R2_std": 0.19401410335586403,
      "RMSE": 0.14118270610361536,
      "MAE": 0.11972996262793845,
      "category": "linear",
      "use_std": true
    },
    "PLS (n=5)": {
      "R2_mean": 0.04569394436806373,
      "R2_std": 0.2023824932183445,
      "RMSE": 0.14177251075424213,
      "MAE": 0.12021923632462801,
      "category": "linear",
      "use_std": true
    },
    "Huber": {
      "R2_mean": -0.05633280811979815,
      "R2_std": 0.21177577236318046,
      "RMSE": 0.14934975512858295,
      "MAE": 0.1260617840018014,
      "category": "robust",
      "use_std": true
    },
    "Bayesian Ridge": {
      "R2_mean": 0.11143013168593549,
      "R2_std": 0.11887928105724843,
      "RMSE": 0.13761329985726933,
      "MAE": 0.11654799242687408,
      "category": "robust",
      "use_std": true
    },
    "TheilSen": {
      "R2_mean": -0.16924776056769936,
      "R2_std": 0.29959736956827354,
      "RMSE": 0.15653052877676513,
      "MAE": 0.13122860640449535,
      "category": "robust",
      "use_std": true
    },
    "Kernel Ridge": {
      "R2_mean": -0.5811740836506372,
      "R2_std": 0.20089706011568237,
      "RMSE": 0.18451150069998654,
      "MAE": 0.145929976297884,
      "category": "robust",
      "use_std": true
    },
    "RANSAC+Ridge": {
      "R2_mean": -0.26462444404683094,
      "R2_std": 0.33713791686477396,
      "RMSE": 0.16236802365387343,
      "MAE": 0.1354305026253826,
      "category": "robust",
      "use_std": true
    },
    "SVR (RBF)": {
      "R2_mean": 0.03693108482069849,
      "R2_std": 0.11350257361393527,
      "RMSE": 0.14317796892507728,
      "MAE": 0.12111035123595762,
      "category": "nonlinear",
      "use_std": true
    },
    "NuSVR": {
      "R2_mean": -0.20263626301103582,
      "R2_std": 0.11883432079746471,
      "RMSE": 0.1603089907731635,
      "MAE": 0.13378587816413287,
      "category": "nonlinear",
      "use_std": true
    },
    "KNN (k=5)": {
      "R2_mean": -0.05076260165852855,
      "R2_std": 0.11584625914667097,
      "RMSE": 0.14973709854093611,
      "MAE": 0.12593420039037334,
      "category": "nonlinear",
      "use_std": true
    },
    "MLP (128-64)": {
      "R2_mean": -0.8400432307429858,
      "R2_std": 0.35157760800649657,
      "RMSE": 0.19828618832252748,
      "MAE": 0.1632980860705267,
      "category": "nonlinear",
      "use_std": true
    },
    "Decision Tree": {
      "R2_mean": -0.3926317843978687,
      "R2_std": 0.21831517652109142,
      "RMSE": 0.1716304489913056,
      "MAE": 0.13927887861426597,
      "category": "tree",
      "use_std": false
    },
    "Bagging (DT)": {
      "R2_mean": 0.2122476051619729,
      "R2_std": 0.06819916648201581,
      "RMSE": 0.1296583563516002,
      "MAE": 0.10949028396525085,
      "category": "ensemble",
      "use_std": false
    },
    "Random Forest": {
      "R2_mean": 0.19638475498865088,
      "R2_std": 0.08006435267563633,
      "RMSE": 0.13081212398767622,
      "MAE": 0.11094465942372841,
      "category": "ensemble",
      "use_std": false
    },
    "Extra Trees": {
      "R2_mean": 0.13928226042295125,
      "R2_std": 0.08765541508742485,
      "RMSE": 0.1355678206059897,
      "MAE": 0.11525018375913261,
      "category": "ensemble",
      "use_std": false
    },
    "AdaBoost": {
      "R2_mean": 0.18026879809258906,
      "R2_std": 0.0782702626076925,
      "RMSE": 0.13231717818641486,
      "MAE": 0.11234594072808632,
      "category": "ensemble",
      "use_std": false
    },
    "Gradient Boosting": {
      "R2_mean": 0.11636398477551195,
      "R2_std": 0.12329637084762239,
      "RMSE": 0.13709010356197168,
      "MAE": 0.11531479727719851,
      "category": "boosting",
      "use_std": false
    },
    "XGBoost": {
      "R2_mean": 0.11966120400297167,
      "R2_std": 0.1341214159803431,
      "RMSE": 0.13667161990152246,
      "MAE": 0.1149498198031101,
      "category": "boosting",
      "use_std": false
    },
    "LightGBM": {
      "R2_mean": 0.08065356404608277,
      "R2_std": 0.1152586599940099,
      "RMSE": 0.1398260301319728,
      "MAE": 0.11742818267157125,
      "category": "boosting",
      "use_std": false
    },
    "CatBoost": {
      "R2_mean": 0.15907509847430953,
      "R2_std": 0.09008403609036218,
      "RMSE": 0.13416559656627694,
      "MAE": 0.11523522197566327,
      "category": "boosting",
      "use_std": false
    }
  },
  "cat_avg": {
    "ensemble": 0.18204585466654102,
    "boosting": 0.11893846282471898,
    "linear": 0.048317403335075206,
    "robust": -0.19198979293980603,
    "nonlinear": -0.26412775264796295,
    "tree": -0.3926317843978687
  },
  "node": "7nm",
  "n_samples": 200
}