{
  "Voting (Top3)": {
    "cv5_r2": 0.21551799035974956,
    "cv5_std": 0.06103847028159404,
    "cv5_rmse": 0.12966682529145446,
    "cv5_mae": 0.11128764869196454
  },
  "Stacking (Top3\u2192Ridge)": {
    "cv5_r2": 0.1436394876654404,
    "cv5_std": 0.035647597016029334,
    "cv5_rmse": 0.1358513392090145,
    "cv5_mae": 0.11468773473349606
  }
}