{
  "results": {
    "Linear Regression": {
      "R2_mean": -0.015298419774913618,
      "R2_std": 0.17133170955547503,
      "RMSE": 0.09131347606157499,
      "MAE": 0.07134352075487879,
      "category": "linear",
      "use_std": true
    },
    "Ridge": {
      "R2_mean": 0.026972440303331104,
      "R2_std": 0.13261448978852125,
      "RMSE": 0.08940452531422853,
      "MAE": 0.06983165009870435,
      "category": "linear",
      "use_std": true
    },
    "Lasso": {
      "R2_mean": 0.04128036756372293,
      "R2_std": 0.13097117477758657,
      "RMSE": 0.08879401481754655,
      "MAE": 0.06997330367752015,
      "category": "linear",
      "use_std": true
    },
    "ElasticNet": {
      "R2_mean": 0.031182184814542758,
      "R2_std": 0.13085182191090503,
      "RMSE": 0.08926176146273454,
      "MAE": 0.07006193894226073,
      "category": "linear",
      "use_std": true
    },
    "PLS (n=5)": {
      "R2_mean": 0.019364235342599168,
      "R2_std": 0.12534880172776014,
      "RMSE": 0.08978502416422915,
      "MAE": 0.07034233228392309,
      "category": "linear",
      "use_std": true
    },
    "Huber": {
      "R2_mean": -0.003980025404389909,
      "R2_std": 0.14435540370405905,
      "RMSE": 0.0911537910150782,
      "MAE": 0.07143258465239169,
      "category": "robust",
      "use_std": true
    },
    "Bayesian Ridge": {
      "R2_mean": 0.05965442610505241,
      "R2_std": 0.11015404506822722,
      "RMSE": 0.08816405355665616,
      "MAE": 0.06969367438421274,
      "category": "robust",
      "use_std": true
    },
    "TheilSen": {
      "R2_mean": -0.04694410579392638,
      "R2_std": 0.14795195040305556,
      "RMSE": 0.09324742368887198,
      "MAE": 0.07429694280726809,
      "category": "robust",
      "use_std": true
    },
    "Kernel Ridge": {
      "R2_mean": -0.4856436151822412,
      "R2_std": 0.28391861991794337,
      "RMSE": 0.1124870771678068,
      "MAE": 0.08351966650968833,
      "category": "robust",
      "use_std": true
    },
    "RANSAC+Ridge": {
      "R2_mean": -0.0778004248652409,
      "R2_std": 0.09666897805798219,
      "RMSE": 0.09385697957535298,
      "MAE": 0.07487246189564527,
      "category": "robust",
      "use_std": true
    },
    "SVR (RBF)": {
      "R2_mean": -0.0971373257867744,
      "R2_std": 0.2664238059701823,
      "RMSE": 0.09412100020493785,
      "MAE": 0.0726681978377435,
      "category": "nonlinear",
      "use_std": true
    },
    "NuSVR": {
      "R2_mean": -0.2984348777884236,
      "R2_std": 0.319212425972303,
      "RMSE": 0.10280750088542444,
      "MAE": 0.0799444597939687,
      "category": "nonlinear",
      "use_std": true
    },
    "KNN (k=5)": {
      "R2_mean": -0.19452044448127565,
      "R2_std": 0.24718706898379286,
      "RMSE": 0.09809948969872807,
      "MAE": 0.07626460012332666,
      "category": "nonlinear",
      "use_std": true
    },
    "MLP (128-64)": {
      "R2_mean": -1.504769252964678,
      "R2_std": 0.5492428613312522,
      "RMSE": 0.14284172539586054,
      "MAE": 0.11248291542943334,
      "category": "nonlinear",
      "use_std": true
    },
    "Decision Tree": {
      "R2_mean": -0.03336573363844939,
      "R2_std": 0.35220219791646473,
      "RMSE": 0.089383563937744,
      "MAE": 0.07191948618444895,
      "category": "tree",
      "use_std": false
    },
    "Bagging (DT)": {
      "R2_mean": 0.24646773137926425,
      "R2_std": 0.18235690042112815,
      "RMSE": 0.0777343190988021,
      "MAE": 0.06469879464447172,
      "category": "ensemble",
      "use_std": false
    },
    "Random Forest": {
      "R2_mean": 0.2621240834704322,
      "R2_std": 0.16402578251427613,
      "RMSE": 0.07699900349989892,
      "MAE": 0.06321613487853076,
      "category": "ensemble",
      "use_std": false
    },
    "Extra Trees": {
      "R2_mean": 0.18645147052044608,
      "R2_std": 0.1847744500988788,
      "RMSE": 0.08076224692721402,
      "MAE": 0.06582272259945836,
      "category": "ensemble",
      "use_std": false
    },
    "AdaBoost": {
      "R2_mean": 0.17608060068633358,
      "R2_std": 0.13868945381506914,
      "RMSE": 0.08204614041781583,
      "MAE": 0.06693133104971531,
      "category": "ensemble",
      "use_std": false
    },
    "Gradient Boosting": {
      "R2_mean": 0.18090578444586902,
      "R2_std": 0.20911817210223374,
      "RMSE": 0.08093280388197695,
      "MAE": 0.06575999760604052,
      "category": "boosting",
      "use_std": false
    },
    "XGBoost": {
      "R2_mean": 0.1708932475938481,
      "R2_std": 0.19653260348180102,
      "RMSE": 0.08135077534951578,
      "MAE": 0.06619788922649546,
      "category": "boosting",
      "use_std": false
    },
    "LightGBM": {
      "R2_mean": -0.08070926456237544,
      "R2_std": 0.3022704397080108,
      "RMSE": 0.09324442295682336,
      "MAE": 0.07319214777692076,
      "category": "boosting",
      "use_std": false
    },
    "CatBoost": {
      "R2_mean": 0.16897530966619337,
      "R2_std": 0.1515835641083511,
      "RMSE": 0.08238223501041053,
      "MAE": 0.06586292560477155,
      "category": "boosting",
      "use_std": false
    }
  },
  "cat_avg": {
    "ensemble": 0.21778097151411901,
    "boosting": 0.11001626928588377,
    "linear": 0.020700161649856465,
    "tree": -0.03336573363844939,
    "robust": -0.1109427490281492,
    "nonlinear": -0.5237154752552879
  },
  "node": "14nm",
  "n_samples": 250
}