{
  "Voting (Top3)": {
    "cv5_r2": 0.24155183226309163,
    "cv5_std": 0.16189275089791333,
    "cv5_rmse": 0.07846054355072844,
    "cv5_mae": 0.06458563345256774
  },
  "Stacking (Top3\u2192Ridge)": {
    "cv5_r2": 0.12050183400498697,
    "cv5_std": 0.06322729288034509,
    "cv5_rmse": 0.08542309650122473,
    "cv5_mae": 0.06817701099342953
  }
}