{
  "results": {
    "Linear Regression": {
      "R2_mean": 0.19293809207418172,
      "R2_std": 0.053236185825322586,
      "RMSE": 0.14146322592147295,
      "MAE": 0.11694573971546793,
      "category": "linear",
      "use_std": true
    },
    "Ridge": {
      "R2_mean": 0.19964464824804198,
      "R2_std": 0.05744136433391167,
      "RMSE": 0.14077203856325848,
      "MAE": 0.11663843633296382,
      "category": "linear",
      "use_std": true
    },
    "Lasso": {
      "R2_mean": 0.21119486974130575,
      "R2_std": 0.05514673271356555,
      "RMSE": 0.13968635856682204,
      "MAE": 0.11582504637850266,
      "category": "linear",
      "use_std": true
    },
    "ElasticNet": {
      "R2_mean": 0.20736298497026384,
      "R2_std": 0.055826148096134176,
      "RMSE": 0.1400476188094933,
      "MAE": 0.11606163038911732,
      "category": "linear",
      "use_std": true
    },
    "PLS (n=5)": {
      "R2_mean": 0.20448632173647724,
      "R2_std": 0.05962708680756045,
      "RMSE": 0.14025959904032723,
      "MAE": 0.11623772292851031,
      "category": "linear",
      "use_std": true
    },
    "Huber": {
      "R2_mean": 0.18052137378215694,
      "R2_std": 0.04534052410061443,
      "RMSE": 0.1427250970518859,
      "MAE": 0.11830011658823052,
      "category": "robust",
      "use_std": true
    },
    "Bayesian Ridge": {
      "R2_mean": 0.22092556244711398,
      "R2_std": 0.04858500269090722,
      "RMSE": 0.13887007760727357,
      "MAE": 0.11555985994975818,
      "category": "robust",
      "use_std": true
    },
    "TheilSen": {
      "R2_mean": 0.0038755991271786972,
      "R2_std": 0.031408975048398,
      "RMSE": 0.15718722281490433,
      "MAE": 0.12859495884159536,
      "category": "robust",
      "use_std": true
    },
    "Kernel Ridge": {
      "R2_mean": -0.2618209222496971,
      "R2_std": 0.09742026080401964,
      "RMSE": 0.1764672716838555,
      "MAE": 0.14075228384372002,
      "category": "robust",
      "use_std": true
    },
    "RANSAC+Ridge": {
      "R2_mean": 0.14239027742560337,
      "R2_std": 0.062054796402176024,
      "RMSE": 0.14559762972464244,
      "MAE": 0.12212811971021305,
      "category": "robust",
      "use_std": true
    },
    "SVR (RBF)": {
      "R2_mean": 0.10541224903441579,
      "R2_std": 0.02688341102574236,
      "RMSE": 0.14901910781128824,
      "MAE": 0.12309679151000144,
      "category": "nonlinear",
      "use_std": true
    },
    "NuSVR": {
      "R2_mean": -0.07072654312197946,
      "R2_std": 0.0703255937565547,
      "RMSE": 0.16252239916400624,
      "MAE": 0.12984711586648884,
      "category": "nonlinear",
      "use_std": true
    },
    "KNN (k=5)": {
      "R2_mean": 0.05675762682657324,
      "R2_std": 0.08956699577869799,
      "RMSE": 0.15272927150738042,
      "MAE": 0.1224370602260351,
      "category": "nonlinear",
      "use_std": true
    },
    "MLP (128-64)": {
      "R2_mean": -0.6267871213270514,
      "R2_std": 0.188437326757882,
      "RMSE": 0.20085447502109613,
      "MAE": 0.15990258024234766,
      "category": "nonlinear",
      "use_std": true
    },
    "Decision Tree": {
      "R2_mean": 0.06951303708761603,
      "R2_std": 0.16762823075641375,
      "RMSE": 0.1506078413926678,
      "MAE": 0.12099693243747041,
      "category": "tree",
      "use_std": false
    },
    "Bagging (DT)": {
      "R2_mean": 0.3709228455752779,
      "R2_std": 0.03647621117014563,
      "RMSE": 0.12474908161673867,
      "MAE": 0.10501221389314055,
      "category": "ensemble",
      "use_std": false
    },
    "Random Forest": {
      "R2_mean": 0.34267187810291716,
      "R2_std": 0.05423080775171753,
      "RMSE": 0.12733818885371975,
      "MAE": 0.10667213901514752,
      "category": "ensemble",
      "use_std": false
    },
    "Extra Trees": {
      "R2_mean": 0.2889837261659075,
      "R2_std": 0.027944007244482847,
      "RMSE": 0.13277118689064082,
      "MAE": 0.11159296504088916,
      "category": "ensemble",
      "use_std": false
    },
    "AdaBoost": {
      "R2_mean": 0.3348703875685149,
      "R2_std": 0.0649995553126405,
      "RMSE": 0.1278611155974371,
      "MAE": 0.10758265290319977,
      "category": "ensemble",
      "use_std": false
    },
    "Gradient Boosting": {
      "R2_mean": 0.32561467002164185,
      "R2_std": 0.036112147107024296,
      "RMSE": 0.1292669294455207,
      "MAE": 0.10895786792458435,
      "category": "boosting",
      "use_std": false
    },
    "XGBoost": {
      "R2_mean": 0.29647845060740846,
      "R2_std": 0.06720572186765487,
      "RMSE": 0.1316349885829082,
      "MAE": 0.10931146774000781,
      "category": "boosting",
      "use_std": false
    },
    "LightGBM": {
      "R2_mean": 0.2550489566584596,
      "R2_std": 0.08244878051552715,
      "RMSE": 0.13524816887879293,
      "MAE": 0.11123909303907631,
      "category": "boosting",
      "use_std": false
    },
    "CatBoost": {
      "R2_mean": NaN,
      "R2_std": NaN,
      "RMSE": NaN,
      "MAE": NaN,
      "category": "boosting",
      "use_std": false
    }
  },
  "cat_avg": {
    "ensemble": 0.3343622093531543,
    "boosting": 0.29238069242917,
    "linear": 0.2031253833540541,
    "tree": 0.06951303708761603,
    "robust": 0.057178378106471174,
    "nonlinear": -0.13383594714701047
  },
  "node": "10nm",
  "n_samples": 375
}