{
  "Gradient Boosting": {
    "baseline_r2": 0.32561467002164185,
    "search_best_r2": 0.3519633735758562,
    "cv5_r2": 0.35612154578714306,
    "cv5_std": 0.03525545535952972,
    "cv5_rmse": 0.1262635907580295,
    "cv5_mae": 0.10658748917838853,
    "best_params": {
      "subsample": 0.8,
      "n_estimators": 50,
      "min_samples_leaf": 4,
      "max_features": "sqrt",
      "max_depth": 2,
      "learning_rate": 0.1
    },
    "elapsed": 5.394567012786865
  },
  "Random Forest": {
    "baseline_r2": 0.34267187810291716,
    "search_best_r2": 0.36025406147719874,
    "cv5_r2": 0.3856781227872646,
    "cv5_std": 0.02239505804106322,
    "cv5_rmse": 0.12335209339039575,
    "cv5_mae": 0.10429308647750365,
    "best_params": {
      "n_estimators": 200,
      "min_samples_split": 2,
      "min_samples_leaf": 1,
      "max_features": 0.7,
      "max_depth": 4
    },
    "elapsed": 9.6125807762146
  }
}