{
  "Voting (Top3)": {
    "cv5_r2": 0.3785367744028513,
    "cv5_std": 0.02353318620255036,
    "cv5_rmse": 0.12408232306408959,
    "cv5_mae": 0.10510559713480279
  },
  "Stacking (Top3\u2192Ridge)": {
    "cv5_r2": 0.3727689471125465,
    "cv5_std": 0.01857643560704567,
    "cv5_rmse": 0.12471730736243117,
    "cv5_mae": 0.10551090850402849
  }
}