{
  "results": {
    "Linear Regression": {
      "R2_mean": -0.10620357445636212,
      "R2_std": 0.16623778610707748,
      "RMSE": 0.09162857576089223,
      "MAE": 0.07784818361244068,
      "category": "linear",
      "use_std": true
    },
    "Ridge": {
      "R2_mean": -0.05033900814722645,
      "R2_std": 0.12445072892887188,
      "RMSE": 0.08956024538886467,
      "MAE": 0.07535944013187448,
      "category": "linear",
      "use_std": true
    },
    "Lasso": {
      "R2_mean": -0.028655073065405823,
      "R2_std": 0.1198656888876284,
      "RMSE": 0.08861949644723995,
      "MAE": 0.0751253943061474,
      "category": "linear",
      "use_std": true
    },
    "ElasticNet": {
      "R2_mean": -0.04052454336829139,
      "R2_std": 0.12336001913151981,
      "RMSE": 0.08912822872173208,
      "MAE": 0.07539713613325492,
      "category": "linear",
      "use_std": true
    },
    "PLS (n=5)": {
      "R2_mean": -0.058123597678725235,
      "R2_std": 0.13197762407551603,
      "RMSE": 0.08981019749449441,
      "MAE": 0.07582941006364419,
      "category": "linear",
      "use_std": true
    },
    "Huber": {
      "R2_mean": -0.17486240263266078,
      "R2_std": 0.19398970527502749,
      "RMSE": 0.09446812872148494,
      "MAE": 0.07962279364240221,
      "category": "robust",
      "use_std": true
    },
    "Bayesian Ridge": {
      "R2_mean": 0.01773045642730975,
      "R2_std": 0.1266181567776295,
      "RMSE": 0.08661283672720406,
      "MAE": 0.07374542197910437,
      "category": "robust",
      "use_std": true
    },
    "TheilSen": {
      "R2_mean": -0.2504044379798741,
      "R2_std": 0.1710948225351994,
      "RMSE": 0.0969366870850746,
      "MAE": 0.0810876126406325,
      "category": "robust",
      "use_std": true
    },
    "Kernel Ridge": {
      "R2_mean": -1.3932586406129648,
      "R2_std": 0.8622886007454859,
      "RMSE": 0.1318709812644497,
      "MAE": 0.10233798852534717,
      "category": "robust",
      "use_std": true
    },
    "RANSAC+Ridge": {
      "R2_mean": -0.5271476206224496,
      "R2_std": 0.17771620679733863,
      "RMSE": 0.10703688698596789,
      "MAE": 0.08743163855600565,
      "category": "robust",
      "use_std": true
    },
    "SVR (RBF)": {
      "R2_mean": 0.03163352408548552,
      "R2_std": 0.15380916581365775,
      "RMSE": 0.08588255513542675,
      "MAE": 0.07369746718138695,
      "category": "nonlinear",
      "use_std": true
    },
    "NuSVR": {
      "R2_mean": -0.21009014161510148,
      "R2_std": 0.1022604833988356,
      "RMSE": 0.09576824682396956,
      "MAE": 0.08012575959054544,
      "category": "nonlinear",
      "use_std": true
    },
    "KNN (k=5)": {
      "R2_mean": -0.16264911683607297,
      "R2_std": 0.22805271250588535,
      "RMSE": 0.09288369620128935,
      "MAE": 0.07883132568030848,
      "category": "nonlinear",
      "use_std": true
    },
    "MLP (128-64)": {
      "R2_mean": -2.5619574032701644,
      "R2_std": 1.2881933703476354,
      "RMSE": 0.1607061396790988,
      "MAE": 0.1219888747876037,
      "category": "nonlinear",
      "use_std": true
    },
    "Decision Tree": {
      "R2_mean": -1.0334636295952606,
      "R2_std": 0.5757951686354545,
      "RMSE": 0.12354847553213436,
      "MAE": 0.10038088903591566,
      "category": "tree",
      "use_std": false
    },
    "Bagging (DT)": {
      "R2_mean": -0.07090741083012342,
      "R2_std": 0.24505341353628649,
      "RMSE": 0.0903341201936371,
      "MAE": 0.07506744348680856,
      "category": "ensemble",
      "use_std": false
    },
    "Random Forest": {
      "R2_mean": -0.08716072956299359,
      "R2_std": 0.2444743728438733,
      "RMSE": 0.0908288989150354,
      "MAE": 0.07413987369928858,
      "category": "ensemble",
      "use_std": false
    },
    "Extra Trees": {
      "R2_mean": -0.06306978449153774,
      "R2_std": 0.1849855713060277,
      "RMSE": 0.09021684328632756,
      "MAE": 0.07595800034009573,
      "category": "ensemble",
      "use_std": false
    },
    "AdaBoost": {
      "R2_mean": -0.1582022921550406,
      "R2_std": 0.2365380447995857,
      "RMSE": 0.09499034673272017,
      "MAE": 0.07768137769644759,
      "category": "ensemble",
      "use_std": false
    },
    "Gradient Boosting": {
      "R2_mean": -0.23986645896247963,
      "R2_std": 0.24224883637572972,
      "RMSE": 0.0963814852764012,
      "MAE": 0.07913551223304396,
      "category": "boosting",
      "use_std": false
    },
    "XGBoost": {
      "R2_mean": -0.17705999240776424,
      "R2_std": 0.14933639435185508,
      "RMSE": 0.09477231530352402,
      "MAE": 0.07769153002976972,
      "category": "boosting",
      "use_std": false
    },
    "LightGBM": {
      "R2_mean": -0.2189485434162073,
      "R2_std": 0.15684328491157057,
      "RMSE": 0.09541242660440681,
      "MAE": 0.07872164402445445,
      "category": "boosting",
      "use_std": false
    },
    "CatBoost": {
      "R2_mean": -0.049677388101223574,
      "R2_std": 0.12542140904744914,
      "RMSE": 0.08933235618680521,
      "MAE": 0.07496123093465165,
      "category": "boosting",
      "use_std": false
    }
  },
  "cat_avg": {
    "linear": -0.0567691593432022,
    "ensemble": -0.09483505425992383,
    "boosting": -0.17138809572191868,
    "robust": -0.46558852908412796,
    "nonlinear": -0.7257657844089633,
    "tree": -1.0334636295952606
  },
  "node": "22nm",
  "n_samples": 125
}