{
  "Voting (Top3)": {
    "cv5_r2": -0.00840960844436578,
    "cv5_std": 0.15816114866845304,
    "cv5_rmse": 0.08772948295988407,
    "cv5_mae": 0.07394392409576389
  },
  "Stacking (Top3\u2192Ridge)": {
    "cv5_r2": -0.09486488185388546,
    "cv5_std": 0.12047418774413536,
    "cv5_rmse": 0.09240307827604513,
    "cv5_mae": 0.07487212231360316
  }
}