{
  "Gradient Boosting": {
    "baseline_r2": 0.6641538801795039,
    "search_best_r2": 0.6662960932774714,
    "cv5_r2": 0.6751456971776102,
    "cv5_std": 0.02265091998850238,
    "cv5_rmse": 0.09981171970934519,
    "cv5_mae": 0.08233084454148325,
    "best_params": {
      "subsample": 0.9,
      "n_estimators": 200,
      "min_samples_leaf": 4,
      "max_features": 0.9,
      "max_depth": 2,
      "learning_rate": 0.03
    },
    "elapsed": 18.01414918899536
  },
  "Extra Trees": {
    "baseline_r2": 0.6245552965368677,
    "search_best_r2": 0.6138473460843893,
    "cv5_r2": 0.6266121043032171,
    "cv5_std": 0.015287658738770684,
    "cv5_rmse": 0.10700070237268146,
    "cv5_mae": 0.08694742330330579,
    "best_params": {
      "n_estimators": 300,
      "min_samples_split": 2,
      "min_samples_leaf": 2,
      "max_features": 0.7,
      "max_depth": 8,
      "bootstrap": false
    },
    "elapsed": 6.982177019119263
  },
  "HistGradientBoost": {
    "baseline_r2": 0.6294645587122767,
    "search_best_r2": 0.6486091934954391,
    "cv5_r2": 0.6555983851249694,
    "cv5_std": 0.036666265453136566,
    "cv5_rmse": 0.10275160998597542,
    "cv5_mae": 0.08423383817270128,
    "best_params": {
      "min_samples_leaf": 10,
      "max_iter": 100,
      "max_depth": 3,
      "max_bins": 255,
      "learning_rate": 0.1,
      "l2_regularization": 0.0
    },
    "elapsed": 6.1261279582977295
  },
  "Random Forest": {
    "baseline_r2": 0.6608554261514161,
    "search_best_r2": 0.6560825855280726,
    "cv5_r2": 0.67208176910197,
    "cv5_std": 0.024214586910071632,
    "cv5_rmse": 0.10024751414982598,
    "cv5_mae": 0.08297653257323043,
    "best_params": {
      "n_estimators": 200,
      "min_samples_split": 5,
      "min_samples_leaf": 4,
      "max_features": 0.5,
      "max_depth": 5,
      "bootstrap": true
    },
    "elapsed": 20.90303921699524
  },
  "AdaBoost": {
    "baseline_r2": 0.6634432196671092,
    "search_best_r2": 0.6560685332907911,
    "cv5_r2": 0.6692341897986549,
    "cv5_std": 0.03126595236598092,
    "cv5_rmse": 0.1007137285207864,
    "cv5_mae": 0.08344536841872804,
    "best_params": {
      "n_estimators": 200,
      "loss": "linear",
      "learning_rate": 0.05
    },
    "elapsed": 12.62997817993164
  }
}