{
  "Voting (Top3)": {
    "cv5_r2": 0.675993979162628,
    "cv5_std": 0.02569920765413384,
    "cv5_rmse": 0.09967017229025754,
    "cv5_mae": 0.08256956290418804
  },
  "Stacking (Top3\u2192Ridge)": {
    "cv5_r2": 0.6762229010797544,
    "cv5_std": 0.025826039628798498,
    "cv5_rmse": 0.09963484430392616,
    "cv5_mae": 0.08249289097254749
  }
}