{
  "decision1_node_individual": {
    "7nm": {
      "global_r2": 0.28589250486875184,
      "node_r2": 0.19764710074857925,
      "improvement": -0.0882454041201726,
      "n": 200
    },
    "10nm": {
      "global_r2": 0.41015721638480407,
      "node_r2": 0.3687364118924636,
      "improvement": -0.04142080449234048,
      "n": 375
    },
    "14nm": {
      "global_r2": 0.3581213871893717,
      "node_r2": 0.2601334176437154,
      "improvement": -0.0979879695456563,
      "n": 250
    },
    "22nm": {
      "global_r2": 0.29934152907919365,
      "node_r2": -0.13795212434473025,
      "improvement": -0.4372936534239239,
      "n": 125
    },
    "28nm": {
      "global_r2": 0.28449434001533636,
      "node_r2": 0.1594259640090913,
      "improvement": -0.12506837600624507,
      "n": 300
    }
  },
  "decision2_hetero_stacking": {
    "r2": 0.673392548504527,
    "std": 0.02261136227951364,
    "rmse": 0.10007396529208469
  },
  "decision3_feature_eng": {
    "fs_c_r2": 0.6751456971776102,
    "fs_d_r2": 0.6750200602430491,
    "diff": -0.00012563693456113523
  },
  "decision4_kernel": {
    "nsvr_raw": -0.003944545431995694,
    "nsvr_scaled": 0.44484562034194025,
    "kr_raw": -6.810676353857924,
    "kr_scaled": 0.45903956685868386
  },
  "final_choice": "Gradient Boosting",
  "final_r2": 0.6751456971776102
}