{
  "A_expert_stacking": {
    "high_r2": 0.6690448748862259,
    "low_r2": 0.6743723632242793,
    "stacking_r2": 0.6760672371464276,
    "stacking_std": 0.02386720966224191,
    "vs_baseline": 0.0009215399688173864
  },
  "B_residual": {
    "gbm_oof_r2": 0.6755732605875393,
    "svr_res_r2": -0.7757645479307331,
    "rf_res_r2": -0.05488790970446078,
    "best_combo_r2": 0.6577746589654327,
    "vs_baseline": -0.017371038212177448
  },
  "C_fs_stack": {
    "fs_r2": 0.5657353801497347,
    "vs_baseline": -0.10941031702787551
  },
  "baseline": 0.6751456971776102,
  "hetero_r2": 0.6741
}