{
  "A_hybrid_sampling": {
    "weight_results": {
      "1.5": {
        "r2": 0.6762581191568346,
        "std": 0.02126371599443539,
        "node_r2": {
          "7nm": 0.28859808066200876,
          "10nm": 0.4128858766959561,
          "14nm": 0.3565339721237537,
          "22nm": 0.2944579942585286,
          "28nm": 0.2901112243966133
        },
        "node_iqr": {
          "7nm": 0.2220724649859252,
          "10nm": 0.20331614791737834,
          "14nm": 0.11674785440218018,
          "22nm": 0.13321570639892577,
          "28nm": 0.12479775706872727
        }
      },
      "2.0": {
        "r2": 0.6755913748897586,
        "std": 0.021633794296723522,
        "node_r2": {
          "7nm": 0.28665416847203407,
          "10nm": 0.4115155787103867,
          "14nm": 0.3605399219911397,
          "22nm": 0.29374014629719325,
          "28nm": 0.285405045267081
        },
        "node_iqr": {
          "7nm": 0.2229410802240535,
          "10nm": 0.20299120788848898,
          "14nm": 0.11584004393565603,
          "22nm": 0.1338579251311815,
          "28nm": 0.12440875708283274
        }
      },
      "3.0": {
        "r2": 0.6747889436110588,
        "std": 0.021842616709022197,
        "node_r2": {
          "7nm": 0.28420793984317994,
          "10nm": 0.4094654409178412,
          "14nm": 0.3621015210969133,
          "22nm": 0.2934188393266114,
          "28nm": 0.28397318342724454
        },
        "node_iqr": {
          "7nm": 0.22361030432539541,
          "10nm": 0.20413324500677504,
          "14nm": 0.11548032158190046,
          "22nm": 0.13317603942424383,
          "28nm": 0.12356907618770478
        }
      },
      "5.0": {
        "r2": 0.6753927832997115,
        "std": 0.021772376261285118,
        "node_r2": {
          "7nm": 0.2872610257594044,
          "10nm": 0.4105636935990157,
          "14nm": 0.3651944085981026,
          "22nm": 0.28951719027165335,
          "28nm": 0.2820166426733324
        },
        "node_iqr": {
          "7nm": 0.2202207644329535,
          "10nm": 0.2080753886773054,
          "14nm": 0.11803374850052809,
          "22nm": 0.13012081808864107,
          "28nm": 0.12402885186552993
        }
      }
    },
    "best_weight": 1.5,
    "best_r2": 0.6762581191568346,
    "vs_baseline": 0.0011124219792244538,
    "best_node_r2": {
      "7nm": 0.28859808066200876,
      "10nm": 0.4128858766959561,
      "14nm": 0.3565339721237537,
      "22nm": 0.2944579942585286,
      "28nm": 0.2901112243966133
    },
    "best_node_iqr": {
      "7nm": 0.2220724649859252,
      "10nm": 0.20331614791737834,
      "14nm": 0.11674785440218018,
      "22nm": 0.13321570639892577,
      "28nm": 0.12479775706872727
    },
    "baseline_iqr": {
      "7nm": 0.22322580018805804,
      "10nm": 0.2011928522815187,
      "14nm": 0.11601186143952602,
      "22nm": 0.13230755665291333,
      "28nm": 0.12718113570848302
    }
  },
  "B_error_corrector": {
    "final_r2": 0.667876997655962,
    "vs_baseline": -0.007268699521648214,
    "node_results": {
      "14nm": {
        "r2_orig": 0.3581213871893717,
        "r2_corr": 0.3117423200419329,
        "improvement": -0.04637906714743878,
        "iqr_orig": 0.11601186143952602,
        "iqr_corr": 0.11896417421530149,
        "n": 250,
        "iqr_reduction_pct": -2.5448370012702832
      },
      "22nm": {
        "r2_orig": 0.29934152907919365,
        "r2_corr": 0.20200766263003533,
        "improvement": -0.09733386644915831,
        "iqr_orig": 0.13230755665291333,
        "iqr_corr": 0.12914133583395582,
        "n": 125,
        "iqr_reduction_pct": 2.3930763284092373
      },
      "28nm": {
        "r2_orig": 0.28449434001533636,
        "r2_corr": 0.24319545922476482,
        "improvement": -0.041298880790571535,
        "iqr_orig": 0.12718113570848302,
        "iqr_corr": 0.131177017648124,
        "n": 300,
        "iqr_reduction_pct": -3.1418825735289104
      },
      "7nm": {
        "r2_orig": 0.28589250486875184,
        "r2_corr": 0.28589250486875184,
        "improvement": 0.0,
        "n": 200
      },
      "10nm": {
        "r2_orig": 0.41015721638480407,
        "r2_corr": 0.41015721638480407,
        "improvement": 0.0,
        "n": 375
      }
    }
  },
  "C_group_expert": {
    "best_r2": 0.6766729344226758,
    "best_alpha": 0.4,
    "vs_baseline": 0.001527237245065649,
    "node_results": {
      "7nm": {
        "general_r2": 0.28589250486875184,
        "combined_r2": 0.2897318889848146,
        "group": "high",
        "n": 200
      },
      "10nm": {
        "general_r2": 0.41015721638480407,
        "combined_r2": 0.4115229726824935,
        "group": "high",
        "n": 375
      },
      "14nm": {
        "general_r2": 0.3581213871893717,
        "combined_r2": 0.36302782611476225,
        "group": "low",
        "n": 250
      },
      "22nm": {
        "general_r2": 0.29934152907919365,
        "combined_r2": 0.29405041075740146,
        "group": "low",
        "n": 125
      },
      "28nm": {
        "general_r2": 0.28449434001533636,
        "combined_r2": 0.28774130699252887,
        "group": "low",
        "n": 300
      }
    }
  },
  "AC_combined": {
    "r2": 0.6766395593665769,
    "vs_baseline": 0.0014938621889667436
  },
  "baseline_r2": 0.6751456971776102
}