{
  "A_transfer_learning": {
    "7nm": {
      "global_r2": 0.28589250486875184,
      "finetune_r2": 0.15163755333544687,
      "improvement": -0.13425495153330497,
      "n": 200
    },
    "10nm": {
      "global_r2": 0.41015721638480407,
      "finetune_r2": 0.2404748666980298,
      "improvement": -0.16968234968677426,
      "n": 375
    },
    "14nm": {
      "global_r2": 0.3581213871893717,
      "finetune_r2": 0.16004240838499156,
      "improvement": -0.19807897880438013,
      "n": 250
    },
    "22nm": {
      "global_r2": 0.29934152907919365,
      "finetune_r2": -0.08381266350434699,
      "improvement": -0.38315419258354066,
      "n": 125
    },
    "28nm": {
      "global_r2": 0.28449434001533636,
      "finetune_r2": 0.10094035010066878,
      "improvement": -0.1835539899146676,
      "n": 300
    }
  },
  "B_hierarchical": {
    "node_results": {
      "7nm": {
        "global_r2": 0.28589250486875184,
        "hier_r2": 0.23052622206702933,
        "improvement": -0.05536628280172251,
        "n": 200,
        "residual_std": 0.12582517435133234
      },
      "10nm": {
        "global_r2": 0.41015721638480407,
        "hier_r2": 0.3762692793535244,
        "improvement": -0.03388793703127968,
        "n": 375,
        "residual_std": 0.12143296251026268
      },
      "14nm": {
        "global_r2": 0.3581213871893717,
        "hier_r2": 0.3123371169341985,
        "improvement": -0.045784270255173176,
        "n": 250,
        "residual_std": 0.07396327949436042
      },
      "22nm": {
        "global_r2": 0.29934152907919365,
        "hier_r2": 0.16581050853541712,
        "improvement": -0.13353102054377652,
        "n": 125,
        "residual_std": 0.07674875127788637
      },
      "28nm": {
        "global_r2": 0.28449434001533636,
        "hier_r2": 0.24657811282902198,
        "improvement": -0.03791622718631438,
        "n": 300,
        "residual_std": 0.07325785500093147
      }
    },
    "overall_r2": 0.6524096203029077,
    "baseline_r2": 0.6751456971776102,
    "improvement": -0.02273607687470247
  },
  "C_normalization": {
    "original_r2": 0.6751456971776102,
    "norm_base_r2": 0.6290445302464243,
    "norm_rel_r2": 0.6301177335394422,
    "improvement_norm_base": -0.04610116693118593,
    "improvement_norm_rel": -0.04502796363816797
  }
}