{
  "model_name": "Gradient Boosting",
  "cv5_r2": 0.6751447684841158,
  "cv5_std": 0.022651562224091818,
  "cv5_rmse": 0.09981185259624584,
  "cv5_mae": 0.08233092837191383,
  "best_params": {
    "subsample": 0.9,
    "n_estimators": 200,
    "min_samples_leaf": 4,
    "max_features": 0.9,
    "max_depth": 2,
    "learning_rate": 0.03
  },
  "features": [
    "etch_rate",
    "pressure",
    "temperature",
    "exposure_time",
    "focus_offset",
    "dose",
    "deposition_rate",
    "thickness_uniformity",
    "implant_energy",
    "tilt_angle",
    "critical_dimension",
    "oxide_thickness",
    "resistivity",
    "defect_count",
    "vth",
    "leakage_current",
    "resistance",
    "tech_encoded",
    "is_advanced_node",
    "defect_composite",
    "Swing",
    "IR_Drop",
    "node_x_cd"
  ],
  "node_performance": {
    "7nm": {
      "R2": 0.4427442005440506,
      "RMSE": 0.11118085670417374,
      "n": 200
    },
    "10nm": {
      "R2": 0.5210028447184025,
      "RMSE": 0.10964135665302754,
      "n": 375
    },
    "14nm": {
      "R2": 0.45455661185906227,
      "RMSE": 0.06851243808904078,
      "n": 250
    },
    "22nm": {
      "R2": 0.381545607044832,
      "RMSE": 0.07213593776364675,
      "n": 125
    },
    "28nm": {
      "R2": 0.3799833431869658,
      "RMSE": 0.0683179506722911,
      "n": 300
    }
  },
  "lib_status": {
    "xgb": "XGBoost",
    "lgb": "LightGBM",
    "cb": "CatBoost"
  },
  "feature_set": "C-EDA+\ud30c\uc0dd\ud53c\ucc98"
}