{
  "results": {
    "Linear Regression": {
      "R2_mean": 0.5688488281614947,
      "R2_std": 0.005214873413906418,
      "RMSE": 0.1149796439934691,
      "MAE": 0.09271838139457365,
      "category": "linear"
    },
    "Ridge": {
      "R2_mean": 0.5694328336362201,
      "R2_std": 0.006585985551937123,
      "RMSE": 0.11490419289651706,
      "MAE": 0.09261259048121892,
      "category": "linear"
    },
    "Lasso": {
      "R2_mean": 0.5691396812671805,
      "R2_std": 0.010743988875142767,
      "RMSE": 0.11495285036875817,
      "MAE": 0.09255926046437345,
      "category": "linear"
    },
    "ElasticNet": {
      "R2_mean": 0.5688406461243374,
      "R2_std": 0.009635646637838452,
      "RMSE": 0.11498913437865664,
      "MAE": 0.09254978157746838,
      "category": "linear"
    },
    "PLS (n=8)": {
      "R2_mean": 0.5679192974380671,
      "R2_std": 0.008173124762688598,
      "RMSE": 0.1150982821365607,
      "MAE": 0.09266449231815505,
      "category": "linear"
    },
    "PCR (PCA+Ridge)": {
      "R2_mean": 0.5503328722295195,
      "R2_std": 0.010449631632128158,
      "RMSE": 0.11742250744566415,
      "MAE": 0.09424134707698302,
      "category": "linear"
    },
    "SVR (linear)": {
      "R2_mean": 0.5683274285770843,
      "R2_std": 0.007854855057360553,
      "RMSE": 0.11503229908987107,
      "MAE": 0.09259295488387764,
      "category": "linear"
    },
    "Huber Regressor": {
      "R2_mean": 0.564222917217769,
      "R2_std": 0.0066544624721612735,
      "RMSE": 0.11558656831670273,
      "MAE": 0.092797935689484,
      "category": "robust"
    },
    "TheilSen": {
      "R2_mean": 0.5067261825895263,
      "R2_std": 0.03378610638610787,
      "RMSE": 0.1228762702322076,
      "MAE": 0.09821168135209113,
      "category": "robust"
    },
    "RANSAC + Ridge": {
      "R2_mean": 0.5502333452488443,
      "R2_std": 0.012078811925233227,
      "RMSE": 0.11742130842096793,
      "MAE": 0.09393070920313956,
      "category": "robust"
    },
    "Bayesian Ridge": {
      "R2_mean": 0.568544510769091,
      "R2_std": 0.00969411513905321,
      "RMSE": 0.11502798893942832,
      "MAE": 0.0925618946671358,
      "category": "robust"
    },
    "Kernel Ridge (RBF)": {
      "R2_mean": 0.4574788534568922,
      "R2_std": 0.07193515883465626,
      "RMSE": 0.12898229849874424,
      "MAE": 0.09947348101106607,
      "category": "robust"
    },
    "SVR (RBF)": {
      "R2_mean": 0.4999315838718438,
      "R2_std": 0.036477674413980296,
      "RMSE": 0.12387976830648485,
      "MAE": 0.09831435029878655,
      "category": "nonlinear"
    },
    "SVR (POLY)": {
      "R2_mean": 0.3379809771711351,
      "R2_std": 0.04773672317409049,
      "RMSE": 0.1424583677214453,
      "MAE": 0.11044047727025444,
      "category": "nonlinear"
    },
    "NuSVR": {
      "R2_mean": 0.44335424529932155,
      "R2_std": 0.039914868865172703,
      "RMSE": 0.13070995698738722,
      "MAE": 0.10302796609891048,
      "category": "nonlinear"
    },
    "KNN (k=5)": {
      "R2_mean": 0.47579838531119634,
      "R2_std": 0.024554542356938023,
      "RMSE": 0.1266860523948088,
      "MAE": 0.10023594774692061,
      "category": "nonlinear"
    },
    "Decision Tree": {
      "R2_mean": 0.5054909926834669,
      "R2_std": 0.04379002636225292,
      "RMSE": 0.12321998695257176,
      "MAE": 0.09488924413614798,
      "category": "tree"
    },
    "Bagging (DT)": {
      "R2_mean": 0.668631509336935,
      "R2_std": 0.028144180224261028,
      "RMSE": 0.10076458499780727,
      "MAE": 0.08277015441436654,
      "category": "ensemble"
    },
    "Random Forest": {
      "R2_mean": 0.6608265370833629,
      "R2_std": 0.024510040341832687,
      "RMSE": 0.10195622102266672,
      "MAE": 0.08391549690548494,
      "category": "ensemble"
    },
    "Extra Trees": {
      "R2_mean": 0.6245502930608572,
      "R2_std": 0.023558065158127518,
      "RMSE": 0.10730570316039502,
      "MAE": 0.08742408257296974,
      "category": "ensemble"
    },
    "AdaBoost": {
      "R2_mean": 0.6640159101053903,
      "R2_std": 0.029264446694335228,
      "RMSE": 0.10150311534475669,
      "MAE": 0.08399530141949067,
      "category": "ensemble"
    },
    "Gradient Boosting": {
      "R2_mean": 0.6638813130765503,
      "R2_std": 0.022905065594014378,
      "RMSE": 0.10149490131965062,
      "MAE": 0.08284540018231629,
      "category": "boosting"
    },
    "HistGradientBoost": {
      "R2_mean": 0.6294645587122767,
      "R2_std": 0.03451413807330272,
      "RMSE": 0.10653099823994108,
      "MAE": 0.0870283145718113,
      "category": "boosting"
    },
    "XGBoost": {
      "R2_mean": 0.6461857716298612,
      "R2_std": 0.03102009977061081,
      "RMSE": 0.10409388928346575,
      "MAE": 0.08505993425140095,
      "category": "boosting"
    },
    "LightGBM": {
      "R2_mean": 0.6291641295184949,
      "R2_std": 0.03287423098846078,
      "RMSE": 0.10657544360589657,
      "MAE": 0.08718145653512478,
      "category": "boosting"
    },
    "CatBoost": {
      "R2_mean": 0.6571370262992537,
      "R2_std": 0.0244934452922018,
      "RMSE": 0.10253499789313,
      "MAE": 0.08443065660314052,
      "category": "boosting"
    }
  },
  "cat_avg": {
    "ensemble": 0.6545060623966363,
    "boosting": 0.6451665598472873,
    "linear": 0.5661202267762719,
    "robust": 0.5294411618564245,
    "tree": 0.5054909926834669,
    "nonlinear": 0.4392662979133742
  },
  "lib_status": {
    "xgb": "XGBoost",
    "lgb": "LightGBM",
    "cb": "CatBoost"
  }
}