{
  "Gradient Boosting": {
    "baseline_r2": 0.6638813130765503,
    "search_best_r2": 0.6662967587832539,
    "cv5_r2": 0.6751447684841158,
    "cv5_std": 0.022651562224091818,
    "cv5_rmse": 0.09981185259624584,
    "cv5_mae": 0.08233092837191383,
    "best_params": {
      "subsample": 0.9,
      "n_estimators": 200,
      "min_samples_leaf": 4,
      "max_features": 0.9,
      "max_depth": 2,
      "learning_rate": 0.03
    },
    "elapsed": 20.772984743118286
  },
  "Extra Trees": {
    "baseline_r2": 0.6245502930608572,
    "search_best_r2": 0.6138473460843893,
    "cv5_r2": 0.6266121043032172,
    "cv5_std": 0.015287658738770714,
    "cv5_rmse": 0.10700070237268146,
    "cv5_mae": 0.0869474233033058,
    "best_params": {
      "n_estimators": 300,
      "min_samples_split": 2,
      "min_samples_leaf": 2,
      "max_features": 0.7,
      "max_depth": 8,
      "bootstrap": false
    },
    "elapsed": 10.787505149841309
  },
  "HistGradientBoost": {
    "baseline_r2": 0.6294645587122767,
    "search_best_r2": 0.6486091934954391,
    "cv5_r2": 0.6555983851249694,
    "cv5_std": 0.036666265453136566,
    "cv5_rmse": 0.10275160998597542,
    "cv5_mae": 0.08423383817270128,
    "best_params": {
      "min_samples_leaf": 10,
      "max_iter": 100,
      "max_depth": 3,
      "max_bins": 255,
      "learning_rate": 0.1,
      "l2_regularization": 0.0
    },
    "elapsed": 9.394234895706177
  },
  "Random Forest": {
    "baseline_r2": 0.6608265370833629,
    "search_best_r2": 0.6560757269506453,
    "cv5_r2": 0.6720720463011272,
    "cv5_std": 0.024234313349043884,
    "cv5_rmse": 0.10024924347915062,
    "cv5_mae": 0.08297863613169423,
    "best_params": {
      "n_estimators": 200,
      "min_samples_split": 5,
      "min_samples_leaf": 4,
      "max_features": 0.5,
      "max_depth": 5,
      "bootstrap": true
    },
    "elapsed": 35.01756286621094
  },
  "AdaBoost": {
    "baseline_r2": 0.6640159101053903,
    "search_best_r2": 0.6558360669847295,
    "cv5_r2": 0.6702664947567526,
    "cv5_std": 0.028639379085831664,
    "cv5_rmse": 0.10055015275657389,
    "cv5_mae": 0.08330915090456696,
    "best_params": {
      "n_estimators": 200,
      "loss": "linear",
      "learning_rate": 0.1
    },
    "elapsed": 21.034616470336914
  }
}