{
  "Voting (Top3)": {
    "cv5_r2": 0.6763780596256478,
    "cv5_std": 0.024906987554675505,
    "cv5_rmse": 0.09960946019003998,
    "cv5_mae": 0.08252606760547933
  },
  "Stacking (Top3\u2192Ridge)": {
    "cv5_r2": 0.6765961230366708,
    "cv5_std": 0.02516035022292537,
    "cv5_rmse": 0.09957578540847867,
    "cv5_mae": 0.08244220360275847
  }
}