{
  "results": {
    "Linear Regression": {
      "R2_mean": 0.0797487445718165,
      "R2_std": 0.17697987822161634,
      "RMSE": 0.08228607944564335,
      "MAE": 0.06778289722904932,
      "category": "linear",
      "use_std": true
    },
    "Ridge": {
      "R2_mean": 0.0632304987405411,
      "R2_std": 0.1695594326711156,
      "RMSE": 0.08302670050863542,
      "MAE": 0.06827148577779509,
      "category": "linear",
      "use_std": true
    },
    "Lasso": {
      "R2_mean": 0.0787875567535314,
      "R2_std": 0.14999395308079524,
      "RMSE": 0.08237398273224304,
      "MAE": 0.06731895730281148,
      "category": "linear",
      "use_std": true
    },
    "ElasticNet": {
      "R2_mean": 0.06854410777064783,
      "R2_std": 0.15928807427158198,
      "RMSE": 0.08281351665973952,
      "MAE": 0.06778194349182154,
      "category": "linear",
      "use_std": true
    },
    "PLS (n=5)": {
      "R2_mean": 0.06032250503444041,
      "R2_std": 0.1673387553354797,
      "RMSE": 0.08312764271225859,
      "MAE": 0.06812552827984378,
      "category": "linear",
      "use_std": true
    },
    "Huber": {
      "R2_mean": 0.05396048819247952,
      "R2_std": 0.199500289594903,
      "RMSE": 0.08330213288143269,
      "MAE": 0.06860628290003398,
      "category": "robust",
      "use_std": true
    },
    "Bayesian Ridge": {
      "R2_mean": 0.0854703076104649,
      "R2_std": 0.1215678998614133,
      "RMSE": 0.08211326154448778,
      "MAE": 0.06726639455535224,
      "category": "robust",
      "use_std": true
    },
    "TheilSen": {
      "R2_mean": 0.007649813717214649,
      "R2_std": 0.17376274766476965,
      "RMSE": 0.08529015374593578,
      "MAE": 0.06791796235968628,
      "category": "robust",
      "use_std": true
    },
    "Kernel Ridge": {
      "R2_mean": -0.6755470414838195,
      "R2_std": 0.2958192882027151,
      "RMSE": 0.11132178411649873,
      "MAE": 0.08661042475526036,
      "category": "robust",
      "use_std": true
    },
    "RANSAC+Ridge": {
      "R2_mean": -0.09297429728126465,
      "R2_std": 0.24627264133108984,
      "RMSE": 0.08939379246531202,
      "MAE": 0.07198691528865012,
      "category": "robust",
      "use_std": true
    },
    "SVR (RBF)": {
      "R2_mean": 0.0858968614725825,
      "R2_std": 0.06527411427410931,
      "RMSE": 0.08229886412108073,
      "MAE": 0.06782170950292447,
      "category": "nonlinear",
      "use_std": true
    },
    "NuSVR": {
      "R2_mean": -0.2113684536621491,
      "R2_std": 0.12169093903229691,
      "RMSE": 0.0943663851656384,
      "MAE": 0.07845146083560822,
      "category": "nonlinear",
      "use_std": true
    },
    "KNN (k=5)": {
      "R2_mean": -0.005709766104460145,
      "R2_std": 0.11091622567756229,
      "RMSE": 0.08609309823518131,
      "MAE": 0.07092826661183159,
      "category": "nonlinear",
      "use_std": true
    },
    "MLP (128-64)": {
      "R2_mean": -1.457239329222181,
      "R2_std": 0.6767804171746166,
      "RMSE": 0.13388320925764455,
      "MAE": 0.10374102403391372,
      "category": "nonlinear",
      "use_std": true
    },
    "Decision Tree": {
      "R2_mean": -0.3537061987794242,
      "R2_std": 0.1482431350731345,
      "RMSE": 0.09964694705890483,
      "MAE": 0.07913248838788614,
      "category": "tree",
      "use_std": false
    },
    "Bagging (DT)": {
      "R2_mean": 0.12887272542815925,
      "R2_std": 0.11663235049178396,
      "RMSE": 0.08005429024157983,
      "MAE": 0.06639370528933244,
      "category": "ensemble",
      "use_std": false
    },
    "Random Forest": {
      "R2_mean": 0.12007329032261956,
      "R2_std": 0.12544251399564274,
      "RMSE": 0.08044228611524573,
      "MAE": 0.06665652547978163,
      "category": "ensemble",
      "use_std": false
    },
    "Extra Trees": {
      "R2_mean": 0.10468464437893436,
      "R2_std": 0.13672389023751355,
      "RMSE": 0.0810970620915841,
      "MAE": 0.0672776150509542,
      "category": "ensemble",
      "use_std": false
    },
    "AdaBoost": {
      "R2_mean": 0.1584683044778667,
      "R2_std": 0.12748015917059236,
      "RMSE": 0.07866585710635293,
      "MAE": 0.06545826687384225,
      "category": "ensemble",
      "use_std": false
    },
    "Gradient Boosting": {
      "R2_mean": 0.09543827488244938,
      "R2_std": 0.17784962326174797,
      "RMSE": 0.08136108110262007,
      "MAE": 0.06742825138491311,
      "category": "boosting",
      "use_std": false
    },
    "XGBoost": {
      "R2_mean": 0.03301518835562944,
      "R2_std": 0.18639925460354792,
      "RMSE": 0.08437925560078442,
      "MAE": 0.06971214377074061,
      "category": "boosting",
      "use_std": false
    },
    "LightGBM": {
      "R2_mean": 0.01730464638444016,
      "R2_std": 0.17471543703265116,
      "RMSE": 0.08516241796395803,
      "MAE": 0.06847053972346594,
      "category": "boosting",
      "use_std": false
    },
    "CatBoost": {
      "R2_mean": 0.14693094429133208,
      "R2_std": 0.11975610041055433,
      "RMSE": 0.07924186576069496,
      "MAE": 0.06584681803275116,
      "category": "boosting",
      "use_std": false
    }
  },
  "cat_avg": {
    "ensemble": 0.12802474115189497,
    "boosting": 0.07317226347846277,
    "linear": 0.07012668257419545,
    "robust": -0.12428814584898502,
    "tree": -0.3537061987794242,
    "nonlinear": -0.3971051718790519
  },
  "node": "28nm",
  "n_samples": 300
}