{
  "Voting (Top3)": {
    "cv5_r2": 0.16483284954428007,
    "cv5_std": 0.10765283904581331,
    "cv5_rmse": 0.0784106016384816,
    "cv5_mae": 0.0655131187124475
  },
  "Stacking (Top3\u2192Ridge)": {
    "cv5_r2": 0.06717129347854549,
    "cv5_std": 0.04126654323846817,
    "cv5_rmse": 0.08307643379047605,
    "cv5_mae": 0.06803674811202642
  }
}