technology_node,n,mean_yield,std_yield,min_yield,max_yield
7nm,200,0.5833024313965697,0.1493107845029084,0.2919017283190616,0.9241162372238552
10nm,375,0.5942785664621961,0.15863089200276026,0.2096795952880054,0.9824893395775278
14nm,250,0.3418711618759412,0.09295332141247263,0.1480861062275735,0.7593993324685525
22nm,125,0.34008721685057286,0.09209626266049324,0.1811218534567429,0.6176250390198897
28nm,300,0.344516593344863,0.08690768569899572,0.1497833074828411,0.7224644617369385
