node,n,단일피처_최고r²,Ridge_alpha1,Ridge_alpha10,Lasso,GBM_d1_n50,GBM_d1_n100,GBM_d2_n50,GBM_d2_n100,RandomForest,SelectK3+GBM,SelectK5+GBM,SelectK7+GBM,PLS_1comp,PLS_2comp,PLS_3comp,PCA_5+Ridge,PCA_8+Ridge,PCA_10+Ridge,GBM+설비효과
7nm,200,0.13709992978006813,0.04113570513060805,0.06236753782200897,0.057008208606609115,0.2274100587905163,0.22689630505773647,0.22102808143375552,0.20762452756383523,0.22107802433743756,-0.007550324028124366,0.1860539884345376,0.1768302622275835,0.11031783647730468,0.06866183215872593,0.05895242263556495,0.09104665945202177,0.09889214001230277,0.09845228739127951,0.1790922874767118
10nm,375,0.13827563698544926,0.20681143318791037,0.21033450357234948,0.21283237480880687,0.3582751060672672,0.38911933244407093,0.3796291963562028,0.3691883173560354,0.376380733869121,0.21725348764091762,0.3858332102936817,0.3820186466289952,0.18747916681448712,0.2203474937549446,0.20283730970624667,0.23069980580343802,0.23266759061047382,0.22309995681340317,0.37749773639650747
14nm,250,0.08605226400327028,0.020884481353705332,0.029788419796744736,0.038959558826662,0.23505898063081085,0.2629377102348646,0.2925997462022657,0.2845311450877442,0.28006239587136333,-0.0560344685840378,0.16468572089361264,0.12878455030111685,0.05991808887492785,0.04230424339278689,0.020750692070165354,0.05603535631321925,0.04311251515659333,0.04221075635730733,0.3051206190452451
22nm,125,0.15029443020708036,-0.05237312926274107,-0.02252007572996777,-0.03513371180964251,-0.00474851989183187,0.017490042000606644,-0.05862314130711062,-0.06033458318997189,-0.0685060090597955,-0.3486337039606488,-0.17004027413314743,-0.14270123873561233,0.014182633654854105,-0.019387496552721095,-0.04387940963048027,0.0026221655343074747,0.008768393292476962,0.02144803369690538,-0.13825525172403547
28nm,300,0.07647647672196234,0.0535729793854832,0.06490099946457548,0.07848839332524424,0.1601013682038927,0.19710614167543866,0.18353186775917735,0.17171516175291246,0.17984581715118206,0.03548373582685103,0.15595699574231892,0.18376509340690095,0.06974836264661803,0.07718128632704505,0.07300921700856985,0.04599871616724125,0.08527180776357719,0.10100742908443919,0.1703917955297737
