node,top01,top02,top03,top04,top05,top06,top07,top08,top09,top10,top11,top12,top13,top14,top15,top16,top17,top18
7nm,0.07721726646331839,0.07637493255808207,0.16248537276772074,0.15823217525974792,0.15535317718072114,0.14156866082756828,0.13891702458687233,0.14461044964922617,0.14990670865848785,0.1474742693200293,0.14665203533890314,0.1328961697482004,0.12044140702756642,0.11723549408865938,0.10419953847252625,0.10148328430762099,0.08625100297027725,0.06236753782200888
10nm,0.11626744933101733,0.2076734184529018,0.2074795212465254,0.2067720270666759,0.23955136199528465,0.23639103096332556,0.2335649117485999,0.22880255268276342,0.2295195142757233,0.23521096557289561,0.23500881132809576,0.22616108400858978,0.22800040747157474,0.2288334936048214,0.21790663094972254,0.2147189377443186,0.21022503044414487,0.21033450357234945
14nm,0.028273619674022154,0.030216274973393298,0.029803172818883384,0.07823182653703517,0.07462794866562279,0.07727315505760209,0.06694296838621099,0.08179559346924634,0.06366584327774905,0.06446705203587026,0.06205814326614354,0.06178133221794193,0.059412295740224864,0.057089000414688965,0.05301658833258214,0.040777194471873335,0.03711149214238827,0.029788419796744826
22nm,-0.011372537773315506,-0.020554146577454625,-0.023165022401105517,-0.07357969098755938,0.00036124702876987324,-0.00945748536382034,0.018113126657505106,0.011897825927388705,0.016376544053649765,0.015710921853413273,0.01911813055306233,0.04980493913575421,0.044370075425035016,0.02473865096844432,0.017496819744331194,-0.01590289678380814,-0.017125664540330664,-0.022520075729967594
28nm,0.0185477829419896,0.017835354249964207,0.00817440983510469,0.037239548008900614,0.061179629489322075,0.08928452454321575,0.11188620556594735,0.12532113720041033,0.12326139464377342,0.10650747749401308,0.10285592420357892,0.09879849572676125,0.094869928638729,0.09092410866374545,0.09014732057027361,0.08161783183372717,0.06982218967708168,0.06490099946457546
