node,linear,nonlinear,tool,unexplained,explained,best_r2
7nm,0.06236753782200897,0.14525698974182627,0.0,0.7923754724361648,0.20762452756383523,200.0
10nm,0.21033450357234948,0.15885381378368593,0.008309419040472055,0.6225022636034925,0.37749773639650747,375.0
14nm,0.029788419796744736,0.25474272529099945,0.020589473957500937,0.6948793809547549,0.3051206190452451,250.0
22nm,0.0,0.0,0.0,1.0,0.0,125.0
28nm,0.06490099946457548,0.10681416228833698,0.0,0.8282848382470875,0.17171516175291246,300.0
